{
  "timestamp": "2026-02-05T02:06:39.448204",
  "dataset_size": 10000,
  "feature_names": [
    "total_charge",
    "total_paid",
    "patient_responsibility",
    "num_lines",
    "payment_ratio",
    "patient_ratio",
    "avg_charge_per_line",
    "payer_id_encoded",
    "day_of_week",
    "month"
  ],
  "experiments": [
    {
      "task": "Binary Denial Prediction",
      "samples": 2000,
      "classes": 2,
      "accuracy": 1.0,
      "precision": 1.0,
      "recall": 1.0,
      "f1": 1.0,
      "auc": 1.0,
      "confusion_matrix": [
        [
          1773,
          0
        ],
        [
          0,
          227
        ]
      ],
      "model": "RandomForest",
      "feature_importance": {
        "feature_0": 0.00493220395687752,
        "feature_1": 0.13460051218165425,
        "feature_2": 0.11608978909179393,
        "feature_3": 0.0011415970421201646,
        "feature_4": 0.36196741277922245,
        "feature_5": 0.37705057958233074,
        "feature_6": 0.002657103583076793,
        "feature_7": 0.001267757620664515,
        "feature_8": 0.00014505378630871423,
        "feature_9": 0.00014799037595081938
      }
    },
    {
      "task": "Binary Denial Prediction",
      "samples": 2000,
      "classes": 2,
      "accuracy": 1.0,
      "precision": 1.0,
      "recall": 1.0,
      "f1": 1.0,
      "auc": 1.0,
      "confusion_matrix": [
        [
          1773,
          0
        ],
        [
          0,
          227
        ]
      ],
      "model": "XGBoost",
      "feature_importance": {
        "feature_0": 0.001645856536924839,
        "feature_1": 0.0009885390754789114,
        "feature_2": 0.001963741146028042,
        "feature_3": 0.00696661276742816,
        "feature_4": 0.0038369123358279467,
        "feature_5": 0.9747779965400696,
        "feature_6": 0.004555470310151577,
        "feature_7": 0.0025264457799494267,
        "feature_8": 0.0022434648126363754,
        "feature_9": 0.0004949566791765392
      }
    },
    {
      "task": "Denial Category Classification",
      "samples": 227,
      "classes": 10,
      "accuracy": 0.21585903083700442,
      "precision": 0.2021776777881474,
      "recall": 0.21585903083700442,
      "f1": 0.20505203764265134,
      "auc": 0.5802436410674512,
      "confusion_matrix": [
        [
          1,
          3,
          12,
          1,
          6,
          4,
          1,
          1,
          5,
          5
        ],
        [
          2,
          1,
          0,
          0,
          3,
          1,
          1,
          1,
          0,
          0
        ],
        [
          3,
          11,
          11,
          2,
          1,
          7,
          0,
          8,
          5,
          1
        ],
        [
          2,
          1,
          1,
          0,
          0,
          2,
          0,
          3,
          1,
          0
        ],
        [
          2,
          1,
          4,
          0,
          3,
          2,
          0,
          1,
          1,
          2
        ],
        [
          5,
          3,
          7,
          0,
          7,
          4,
          1,
          2,
          1,
          1
        ],
        [
          2,
          0,
          1,
          1,
          0,
          0,
          0,
          1,
          0,
          0
        ],
        [
          8,
          3,
          2,
          0,
          3,
          5,
          1,
          4,
          1,
          1
        ],
        [
          2,
          1,
          1,
          2,
          2,
          4,
          0,
          1,
          2,
          0
        ],
        [
          0,
          0,
          0,
          0,
          0,
          0,
          0,
          1,
          1,
          23
        ]
      ],
      "model": "RandomForest",
      "feature_importance": {
        "feature_0": 0.12399786953688416,
        "feature_1": 0.0604873704152822,
        "feature_2": 0.12147695400859934,
        "feature_3": 0.026674209622014042,
        "feature_4": 0.07620141305617376,
        "feature_5": 0.15177301469985363,
        "feature_6": 0.13090009907831085,
        "feature_7": 0.14348988921884887,
        "feature_8": 0.07169167760098032,
        "feature_9": 0.09330750276305298
      },
      "categories": [
        "authorization",
        "bundling",
        "coding",
        "coordination",
        "duplicate",
        "eligibility",
        "fee_schedule",
        "medical_necessity",
        "timely_filing",
        "unknown"
      ]
    },
    {
      "task": "Denial Category Classification",
      "samples": 227,
      "classes": 10,
      "accuracy": 0.23788546255506607,
      "precision": 0.21289814859651335,
      "recall": 0.23788546255506607,
      "f1": 0.21980741274044246,
      "auc": 0.5645649559721583,
      "confusion_matrix": [
        [
          10,
          0,
          20,
          0,
          0,
          2,
          1,
          3,
          2,
          1
        ],
        [
          2,
          0,
          3,
          0,
          2,
          0,
          0,
          2,
          0,
          0
        ],
        [
          9,
          3,
          20,
          0,
          3,
          5,
          0,
          5,
          3,
          1
        ],
        [
          3,
          0,
          3,
          0,
          0,
          1,
          0,
          2,
          1,
          0
        ],
        [
          2,
          0,
          5,
          1,
          0,
          2,
          0,
          4,
          0,
          2
        ],
        [
          5,
          1,
          12,
          0,
          1,
          5,
          0,
          3,
          3,
          1
        ],
        [
          2,
          0,
          1,
          0,
          0,
          1,
          0,
          1,
          0,
          0
        ],
        [
          9,
          1,
          8,
          0,
          1,
          5,
          0,
          2,
          1,
          1
        ],
        [
          4,
          0,
          4,
          1,
          0,
          4,
          0,
          1,
          1,
          0
        ],
        [
          1,
          0,
          6,
          0,
          1,
          0,
          0,
          1,
          0,
          16
        ]
      ],
      "model": "XGBoost",
      "feature_importance": {
        "feature_0": 0.0736122876405716,
        "feature_1": 0.3019466996192932,
        "feature_2": 0.06831742823123932,
        "feature_3": 0.06998085975646973,
        "feature_4": 0.1177050843834877,
        "feature_5": 0.08480939269065857,
        "feature_6": 0.08137824386358261,
        "feature_7": 0.07191408425569534,
        "feature_8": 0.06294042617082596,
        "feature_9": 0.06739545613527298
      },
      "categories": [
        "authorization",
        "bundling",
        "coding",
        "coordination",
        "duplicate",
        "eligibility",
        "fee_schedule",
        "medical_necessity",
        "timely_filing",
        "unknown"
      ]
    },
    {
      "task": "Recoverability Prediction",
      "samples": 227,
      "classes": 2,
      "accuracy": 0.6299559471365639,
      "precision": 0.6888888888888889,
      "recall": 0.8157894736842105,
      "f1": 0.746987951807229,
      "auc": 0.5521052631578948,
      "confusion_matrix": [
        [
          19,
          56
        ],
        [
          28,
          124
        ]
      ],
      "model": "RandomForest",
      "feature_importance": {
        "feature_0": 0.15210265154747107,
        "feature_1": 0.03286568228983639,
        "feature_2": 0.14421820234357524,
        "feature_3": 0.0207077240226464,
        "feature_4": 0.028855872841144634,
        "feature_5": 0.1268065306503537,
        "feature_6": 0.14354492380378506,
        "feature_7": 0.18221262466699517,
        "feature_8": 0.07880694709246108,