{
  "Kaggle_Healthcare": {
    "RandomForest": {
      "accuracy": 0.565,
      "precision": 0.29411764705882354,
      "recall": 0.22727272727272727,
      "f1": 0.25641025641025644,
      "auc": 0.5249886928991407
    },
    "XGBoost": {
      "accuracy": 0.585,
      "precision": 0.2571428571428571,
      "recall": 0.13636363636363635,
      "f1": 0.17821782178217818,
      "auc": 0.5241971958389868
    }
  },
  "SynthERA835": {
    "RandomForest": {
      "accuracy": 0.624,
      "precision": 0.2946927374301676,
      "recall": 0.4606986899563319,
      "f1": 0.35945485519591147,
      "auc": 0.6091249950441495
    },
    "XGBoost": {
      "accuracy": 0.7615,
      "precision": 0.3137254901960784,
      "recall": 0.034934497816593885,
      "f1": 0.06286836935166994,
      "auc": 0.5940492979683845
    }
  }
}