{
  "synthera_cv": {
    "RandomForest": {
      "auc_mean": 0.6297796323335637,
      "auc_std": 0.007931249271556546,
      "f1_mean": 0.38946586951607753,
      "f1_std": 0.011054038471944132,
      "accuracy_mean": 0.654,
      "accuracy_std": 0.005594640292279738,
      "precision_mean": 0.3268776328189017,
      "precision_std": 0.008095608171191879,
      "recall_mean": 0.4818829618213127,
      "recall_std": 0.01831634955005806,
      "fold_aucs": [
        0.6232017342644669,
        0.6206508872388267,
        0.6266856971324033,
        0.6400792369689452,
        0.6382806060631765
      ],
      "fold_f1s": [
        0.3688969258589512,
        0.38994800693240905,
        0.391644908616188,
        0.4017777777777778,
        0.3950617283950617
      ]
    },
    "XGBoost": {
      "auc_mean": 0.6125652380829592,
      "auc_std": 0.006736750299896507,
      "f1_mean": 0.3850497440770206,
      "f1_std": 0.006525193313404236,
      "accuracy_mean": 0.6324,
      "accuracy_std": 0.009096153033013461,
      "precision_mean": 0.3123196197833788,
      "precision_std": 0.0064028439574763734,
      "recall_mean": 0.5023917572851556,
      "recall_std": 0.015828424983979638,
      "fold_aucs": [
        0.6074987681171733,
        0.605756432693887,
        0.6108305155783619,
        0.6248138016187224,
        0.613926672406651
      ],
      "fold_f1s": [
        0.38030560271646857,
        0.3865683865683866,
        0.37606837606837606,
        0.39520958083832336,
        0.3870967741935483
      ]
    }
  },
  "cross_domain": {
    "Kaggle_to_SynthERA": {
      "RandomForest": {
        "auc": 0.5048618962151128,
        "f1": 0.36896551724137927,
        "accuracy": 0.268
      },
      "XGBoost": {
        "auc": 0.5033629424846467,
        "f1": 0.3694648657890238,
        "accuracy": 0.2624
      }
    },
    "SynthERA_to_Kaggle": {
      "RandomForest": {
        "auc": 0.5211164248393463,
        "f1": 0.0,
        "accuracy": 0.669
      },
      "XGBoost": {
        "auc": 0.48545197548760605,
        "f1": 0.2610229276895944,
        "accuracy": 0.581
      }
    }
  }
}